Rating,Title,Review
5,Worth every penny,Working good so far
4,Value-for-money,Good product
4,Really Nice,working good
2,Slightly disappointed,irt is not at all going no strong wash mode is available better go to other washing machine in the same budget
4,Worth the money,I got the dent on the machine
5,Worth every penny,Thank u Flipkart..
5,Simply awesome,No any call instillation demo time provide the company
5,Best in the market!,Super best budget
5,Great product,Good quality and fast service by samsung
5,Awesome,Best washing machine.Its wash quality is very good.Very low sound.Take's very less detergent.I am very happy to purchase this item.My grandmother is very happy also.I recommend you to purchase this.
5,Perfect product!,Value for money.
3,Decent product,on't bye
4,Good choice,wsome
3,Fair,Performance is good but body is delicate and rat mess is not good quality.
3,Does the job,Good
5,Mind-blowing purchase,Nice prduct... Thanx flipcard
5,Mind-blowing purchase,Good Value for money
5,Fabulous!,I am giving this review after 2 yrs of purchasing this...this is such an awesome product with affordable price...don't think much it is too good
5,Great product,xcellent working
2,Expected a better product,Installation problem
3,Good,Good
5,Terrific,"I am very happy with this purchase, I brought this machine in sale for 10,000 rs. Performance wise this is also good, many options we have like delay, monsoon, delicates, blankets etc.Hassle free purchase, demo n installation.Thanku samsung and Flipkart both...."
3,Just okay,elivery and installation was good. No dealy in installation. The beep sound is very low once the cycle complete. According to price segment buy another one for better service and time. Washing quality was not Hoti Mark!!
5,Classy product,Perfect product üëå
5,Terrific purchase,Good delivery service nd installation service is also good
5,Wonderful,Good quality
4,Pretty good,Best product
5,Must buy!,Good.
5,Just wow!,xcellent machine sleek design than the previous machine I used of Samsung. I experienced Samsung machine from last 10 years. Better service. Always go for it. SAMSUNG is SAMSUNG
5,Perfect product!,Good working
5,Mind-blowing purchase,Good
5,Great product,ind blowing awesome product
5,Wonderful,Good for light users and washing clothes normal. But no hot water wash available but for this price point can‚Äôt except that.
4,Value-for-money,Value for money
5,Must buy!,Perfect for small size family.. No issues. Go for it
4,Good quality product,Good
5,Excellent,Service team is fantastic.. Kudos to the team
4,Delightful,Good Product
4,Worth the money,Good
5,Mind-blowing purchase,mazing washing machine bought at super price... üòçüòçü§òü§òReally happy with the product..
4,Delightful,"Very good product. Looks nice, low noise level and does its job well. Got it at 12K that even made the deal nicer."
5,Awesome,Gud product
5,Best in the market!,"The product i  personally feel is nice . It doesn't make any noise, neither it shakes much. it the best buy within this range.The installation guy was very humble and helped me install the machine on the same day of the delivery"
4,Wonderful,Nice product
5,Highly recommended,IF.. u r getting it under 14000....just go for it... Don't think... Best best.. Love it...
5,Must buy!,Satisfied with the purchase. Writing after 2 weeks of usage. Very less noise.. Waking is clean and neat. Got it for 12000 in big flipkart sale.. Go for it... Awesome fully automatic in this price segment....
5,Must buy!,Good product üëç
4,Wonderful,Highly recommended. I am using it from last 10mnths working properly even though adding extra clothes in it.
5,Classy product,"Fantastic product.After searching many washing machine...i finalised this because of Pricing and Durability,performance.  Excellent product..in this segment and pricing...Blindly we can go with this product...12years warranty.."
5,Mind-blowing purchase,"Works well without any problems ,plain and simple design."
2,Not good,"nly normal wash work correctly and when power cut in middle of wash it starts from beginning. Also if u want to do only resign or dry only that also not work,  you hv to start from beginning."
5,Simply awesome,completely satisfied
5,Classy product,If you choose for exchange Don't think that they will take the old product. They will take but it should not be rusted and It should be as new product My old machine was rusted so they did not take it
5,Mind-blowing purchase,good one
5,Terrific,Beautiful
5,Classy product,This is superb product from samsung.Fits in budget with all necessary functions.Must buy Most trusted brand.
4,Nice product,"Nice product, fully automatic."
5,Fabulous!,ne of the best I made
4,Worth the money,Very easy to operate and good working
5,Terrific,"Super product, delivered on time, installed before time, nice service given by flipkart and Samsung, thank you so much for your cooperation, however i would request you  that there should be add something in your replacement policy,( like if i want bigger machine of the same brand after delivery as well,)...kindly add to this ij your replacement policy, as i wanted 6.5kg machine but by mistake in ordered 6.2kg machine, after delivery i noticed that, but now there is no chance to replace this ..."
3,Just okay,Not properly clean .
4,Wonderful,"Well it u plan to buy a washing machine n are very confused, go for this Samsung washing machine I have researched a lot before finalizing itBest part is you can manually set the wash programs, and also choose if u only want to dry clothes with the Spin setting As automatic washing machines tend to use lot of water, so for now I am using it only for drying bucket load or clothes n it works like a charmVery easy to operateBest machine in this category*You may like to purchase an extra l..."
5,Great product,Great deal ...works amazingly well for me
5,Wonderful,Very good washing machine.
4,Good quality product,Very good
1,Unsatisfactory,Very bad experience.....just because of small issues exchange is not done....!!!.... Flipkart is really not understanding such things...!!
5,Terrific,"It is best w/m but it's take more water ,as am not expecting this much of water .nd take lot of time to wash clothes.But not bad at this price range üòÅ."
4,Value-for-money,"Liked this washing Machine, Flipkart service was too good. At present washing machine is working good. Will review after using some more days."
5,Best in the market!,xcellent product  at first it was so silent that I cannot imagine when I ordered the after one installation team has arrived very good and polite service
5,Super!,Value for money
5,Excellent,best quality  worth for money
4,Worth the money,Good
3,Good,INSTALLATION  is not goodEngineer not explained the function of washing machine. Further support from installation  engineer  iis bad
5,Mind-blowing purchase,"It's an year, using this machine and working perfect"
3,Just okay,"installation and demo was not on time. at the time of installation, he did not cooperate for puting stand."
5,Highly recommended,Working good and it‚Äôs second machine
5,Worth every penny,Good experience
4,Very Good,Great buy.
4,Good choice,Good
4,Good choice,"wesome machine,thank you flipkart, Gift to my mom and she is very happy."
5,Terrific purchase,Value for money... Does the job quite well as fully automatic top load washing machine. Got it @11k and it's worth the price. Delivery and demo was done same day and as scheduled.Point to be noted: Many washing machine offering 10-12 wash functions are also covered in this machine other way round.Only draw back in this machine which was observed that control panel is at front and can lead to water swepage while taking wet cloth out. It would have excellent if it would have been at opposit...
4,Very Good,Good product for small family. Very quiet washing machine. Almost no noise. Cleaning is fabulous. Would have given 5 star if the installation was fast but unfortunately it took a lot of phone calls to get the final installation date. Please try to do the installation within 48 hours from the product delivery date.
4,Pretty good,nice product. value for it
4,Good quality product,Nice washing machine... But the person who came to installation was fully commercial..
5,Super!,Naic  product  and amazing
1,Not recommended at all,Buy this machine only if you have water with pressure. I live in chawl amd we have 500 litre tank but machine is taking the water very slowly that it would take 5-6 hrs to fully fill the tank. We thought of supplying water through external pipe but that also gives error message and which nullifies the whole purpose of buying the fully automatic machine.you should note that we had wirlpool fully automatic machine that was working totally fine with same water tank. we tried the return policy si...
4,Worth the money,Comfortors cannot wash cleanly it's dis advantage Clothes can clean good and clothes r stiff like iron
5,Must buy!,"Its easy to use, u can self install it. Doesn't makes mucg sound. Sturdy and beautiful and highly efficient."
5,Just wow!,Nice machine worth
5,Wonderful,elivery is very fast and the delivery agent also very polite and humble.
1,Worthless,"I had purchased the machine in exchange offer, pick up person denied to collect the machine with some absurd reasons saying machine is rusty inspite of all working and physical conditions ok and qualified for return.I had to take machine by paying balance amount to him. He also collected extra Rs.100 for pick up without picking up the machine.Flipkart should take appropriate action for such issues else credibility would be lost soon."
5,Great product,xcellent
4,Nice product,Very good washing machine.I am happy with the purchase
5,Awesome,Thanks Flipkart
5,Classy product,"Good product..i got it at 11.9 k,its osm"
5,Great product,"I'm writing this review after using this product since last 3 month. This is the best washing machine by Samsung. Benefits : Very low consumption, Cleaning quality is good, No smell of detergent after wash & Very good quality of dryness (Have to dry 10-30 min after put it out from the washing machine). No headache to cleaning clothes. This is why the fully automatic washing machine recommended. Moreover, I'm satisfied with its performance."
5,Just wow!,"Nice product, bt problem with installation n demo"
5,Super!,Very nice product and working
5,Terrific,Very satisfied machine
5,Perfect product!,Good!
4,Pretty good,mazing washing machine. Installation engineering was not aware of any features so i was upset with this service provider. Otherwise washing machine is very good. Earlier I have Godrej washing machine. But after seeing this i think Samsung dimond drum is far much better than my old one
5,Just wow!,nice product .thank you flipkart for fast delivery.
5,Excellent,"asy to wash, easy to use, in one word the best product which I was looking for"
5,Just wow!,it's very nice and helpful to solve your problem.
4,Good choice,esign is good .. Value for money .. Only flip side is cleaning of clothes is not very good .. Not so strong in cleaning stains although using matic liquid as well as Vanish ..
4,Worth the money,Samsung washing machine doing great job.Thanks to Flipkart.
5,Highly recommended,good macin
5,Highly recommended,Great product for that price
5,Best in the market!,Nice for 3 people
4,Good quality product,Good for entry level Automatic washing machine.
5,Best in the market!,xcellent
5,Classy product,"Super design, easily used any person, I gifted to my mom she is so happy to use,Quick delivery , Insulation in Two days, Thank you Samsung , Flipkart and Ekart ."
5,Great product,ll is great but function i need (hard washing feature)
4,Pretty good,This one is excellent for small family.
4,Worth the money,"elivered Today, Looks Good. Yet to be Installed.Edit: 15/8/2020Got installed today, The water inlet valve was damaged and was changed by the installation person.Although I was not charged for that, Seller should atleast check the product before shipping."
1,Terrible product,eceived damage product...... And they are taking long time to replace.. it been 12 days.. still don't know when the product will be replaced
5,Must buy!,Working Fine. Value for Money.
5,Brilliant,Good
5,Super!,"Presently doing a good kid, but I Shall review it after a month or so"
5,Must buy!,"Installation guy was on time. Explained everything very briefly. Washing Machine is cool, stylish and does job very well."
5,Wonderful,good product for this price range. can recommend.
3,Does the job,"Very less sound, washes clothes nicely...One limitation... It takes longer time to wash the clothes...It always takes 20-30 more minutes than predicted time for washing."
5,Best in the market!,Value for üí∞ü•∞
5,Worth every penny,Nice product and Demo was good and satisfied...
1,Unsatisfactory,Good product
4,Worth the money,"Happy with delivery well packed by flipkart and demo as well given by samsung engineer visited.normal and less soiled clothes getting wash satisfactory result however soiled cloth will check and post review same .Less washing noise without trolly,design is pretty good takes normal minimum space."
5,Awesome,Good product
5,Wonderful,"Nice handy product from Samsung , best for day to day use."
5,Classy product,"Very good one ,this price of rang"
5,Simply awesome,"eview after 1 year use, The machine has performed exceptionally well. Recommended for this price segment ."
4,Good quality product,V.good
5,Simply awesome,Nice products in this price range.
5,Fabulous!,"uring the offer period, I have booked this machine based on Flipkart reviews with 11.8k but, received damaged product (dents on front side) then requested for replacement and same Flipkart accepted the request and delivered new one after 25 days (which was delayed in delivery)Next day Samsung customer executive was came and explained about the machine usage and he sold me stand(1400) for bottom, cover(400) and cleaning powder(600) total 2400/- charged for that.Using machine from last 15da..."
5,Best in the market!,eview is written after 1 year of use. Machine good in working condition and do not have any issue no  huge noise and works effectively. Make sure you keep the water outlet connection flow in easy way. I did not kept water connection in easy flow which makes your machine not to work properly since the waste water blocked in piple line  will stop your machinen program  to work and will display an error machine in display. Till now i did not face any  problem and I use it alternative two days. ...
5,Perfect product!,Great product
5,Excelent Performance,Less NoiseLess VibrationLess Complicated programmingSlightly higher water consumption than other brand.Go for it.
3,Nice,"Product is great, but the team came for installation confused me with respect to connection of inlet"
5,Excellent,cheap and best produt in this range.
4,Pretty good,Best product by samsung..but problem is not installation and demo arrange by notonly Samsung but also Flipkart....till date from delevery of product...and courier service is very much poor by Flipkart.... installation is arranged by my self at local service...it's very horrible things by Flipkart...
5,Must buy!,Wonderful washing machines..Brought offer days and got installed next day itself. Thank you flipkart provide me wonderful product
4,Worth the money,Good machine
4,Very Good,Satisfied fully
3,Decent product,Nice
5,Simply awesome,Super
4,Pretty good,Very good product
5,Awesome,Latest products nice feature
5,Fabulous!,"xcellent product value for money, good service  installation and demo by service guys"
5,Worth every penny,Good
3,Good,Very good product
5,Best in the market!,Hot water system not available
4,Delightful,No installation had to do self installation by paying plumber demo persons only came to open the box
5,Mind-blowing purchase,Very good product. Value for money.
5,Excellent,I love it. Transportation was on time. Installation was on time. Perfect
4,Wonderful,Good product
3,Does the job,It was good but some how I felt there should have been more options like you cannot set the rinse/spin times etc. Also you can't set the number of times you want your clothes to be washed and the water level need to be set manually.
5,Great product,xcellent product ü§ò
1,Waste of money!,"I received the product before one month, still waiting for installation, worst experience"
3,Does the job,some balancing problem....like...if your surface is slightly tilted( Means not perfect plane)..... then drum of washing machine will collide with body of machine as a result a very huge noise will produce....so for proper working it should be placed at plane surface.
5,Excellent,good product
4,Value-for-money,Nice
5,Super!,"xcellent Machine,Superb Quality and Working"
5,Simply awesome,Nice product by samsung basic needs  completed In this model...easy to use fast delivery & Demo Exchange value also good
5,Fabulous!,It's Good. Samsung products are always preferred. As of now it's working fine.
4,Nice product,Good
5,Must buy!,Superb samsung
5,Great product,Supar but price is little high
4,Worth the money,k good
4,Worth the money,"Satisfied with the product usage except that from behind inlet sometimes little water comes out,its not that fit."
4,Very Good,"I am using this washing machine last one month.Pros.1. Value for money2. Reasonable performance3. Quality accessories.4. Correct delivery,  quick installation and demo5. Noise free running6. Especially Quick wash awesomeCons.1. Worst design2. Panel quality was average3. High water consumption4. Best soak separate and washing in quick wash cycle"
4,Worth the money,"verall Good,  Delivered on time and installed on time."
5,Great product,excellent product. everyone should try for this... energy efficient and can work on any mode smoothly
4,Good choice,Good
5,Wonderful,Nice product
3,Good,Product is good and it is working fine. It's been one month I have brought and it is working fine. But I had a very bad experience with delivery of this product. I had to hire local delivery person to get this product to my home.
5,Highly recommended,This product is very good and easy to handle and easy to use and easy to shift from one place to another place installation and demo was very good and service was good by samsung BUT I GOT A DEFECTIVE PRODUCT THE DISPLAY WAS NOT WORK PROPERLY AFTERTHAT I WAS LODGED A COMPLAIN AND AFTER  2 DAYS SERVICE CENTRE WAS CHANGED THE DISPLAY AND NOW MACHINE IS WORKING FIN
5,Awesome,"Product was really good, it came well packed . The delivery service was rewarding too"
5,Simply awesome,best
5,Super!,Fantastic
5,Best in the market!,very good product with good price
5,Perfect product!,Installation process ontime before show's the day he is explained very nice
5,Great product,The machine is making a very querky sound on the first use itself.
4,Delightful,verall good product . missing alarm
5,Super!,xcellent.
5,Great product‚òÖ‚òÖ‚òÖ‚òÖ‚òÖExcellent,‚òÖ‚òÖ‚òÖ‚òÖ‚òÖExcellent
5,Great product,Very good machine. I already have same model and now I brought for my family.
5,Simply awesome,very good....doesn't shake while washing cloths....functions are really good
5,Mind-blowing purchase,Value for money
5,Worth every penny,xcellent product for the price and on time delivery by Flipkart...
3,Decent product,"verall the machine is good from aesthetic point, but looks like samsung is more keen in cost cutting (VA/VE). The quality of outlet hose is below par the local products available in market. The inlet pipe is nearly 0.5 m in length. You have to pre plan for new and separte inlet pipe if you need a longer one. The worst is the rat protection unit. The thickness of the part is in micron and you will wonder of it is really a rat protection unit or a joke. Additionally the outlet pipe has clear o..."
5,Classy product,Good upto 4 family members.
5,Terrific purchase,super
5,Brilliant,"In offer i got this with 10, 000/- nice product"
5,Excellent,"No tension machine really. Super user friendly, if u wash like normal trousers and shirts almost 12 items u can wash at a time, cotton double bedsheets 2 to 3 plus some small like night suits or 4 polo cover's u can wash at a time.. washing quality also fine, dry level 70 to 75 percent washing procedure just put cloths add washing powder set mode then start that's it... No problem if electricity lost in between, machine automatically adjust all..This is most genuine review I promise"
4,Value-for-money,Before purchasing I've reviewed a lot of washing machines and there are many negative 1 and 2 stars comments on this machine and i was little worried about those comments but still because of the popularity of machine I've purchased it. and i must say this product is wowsome. I've got this product for 11969 as there was 10% off on Citi bank cards. Also it looks cute and worth every penny. Got this product in 4 days and installation was done in next 2 days. If there are negative reviews many b...
5,Excellent,Its relay very good item
1,Terrible product,"This washing machine is nice and value for money. I gave 1 star for a very pathetic response from Samsung after delivering me defective product first and when I placed replacement request, instead of replacement they called me 3-4 times daily to repair this.After so many calls and escalations it took more than a week to replace defective machine. Thanks to Flipkart for continuous follow ups with Samsung."
2,Moderate,There were 3dents on product and very late demo and installation
5,Simply awesome,"Good one,"
5,Perfect product!,v good looking and v good service
5,Super!,Very good
5,Highly recommended,ntime delivery ND one time demo service.......I'm happy with the product
5,Great product,Very good machine
5,Excellent,"I like product.  nd very fine. nd for the flipkart I want to say that delivery is fast but till to the now I can't use my washing machine.  coz of flipkart can't arrange a engineer for the installation and demon. we purchase for our emergency but u also gave me limbu pe limbu. it's all things are effect to ur business way. so pls flipkart snd ur engineer.... pls try to improve ur service about demon nd installation. I can't like.. about this matter.. sorry bt its true.., I got product on 25th..."
5,Highly recommended,Nice
5,Simply awesome,Good product
5,Best in the market!,Super
5,Mind-blowing purchase,"So far i have used only once till now, but this is very nice machine to use. Installation and demo was arranged by Samsung service centre on the very next day of delivery. Very easy to use this washing machine, control panel is intelligent and you dont need to think much of your washing needs. Just press some buttons and machine would automatically wash, rinse and spin it. I got this product at very good price due to additional instant offer of 10% for SBI credit card. So i m rating 5* for th..."
4,Nice product,It is working good
5,Simply awesome,used for 11 days ... working fine satisfied with performance.
5,Brilliant,Totally satisfied with it. Thanks Flipkart üòÄ
5,Best in the market!,good quality
5,Best in the market!,Nice machine. Was a pleasent experience buying it. The team delivered on time and company representative came promptly to install and demonstrate the system.. overall happy so far..
5,Great product,Superb
5,Awesome,excellent washing for that price. I got it 12 k.simply wow
4,Very Good,its good for washing light soiled clothes in normal mode.and to remove more dirt need to soak & wash.good.
4,Good quality product,verything fine for this product except water pressure... machine can be good operational only if water supply is from above terrace...
5,Fabulous!,Good product no damage and working in good condition.less noise washing programes less
5,Best in the market!,Samsung is really a most trusted brand !For me this washing machine is really compatible for a family size of 3-4 members.Also the amount of clothes that easily fits in is around 5 pairs if long trousers are considered.But if short then easily 15 clothes can be washed.The monsoon and fully automatic features makes me to sit back relax.I loved this also it is my first washing machine.
5,Simply awesome,"Very good product , in this money, I loveed this,thanku flipcartü§©ü§©ü§óü§ó"
5,Perfect product!,Nice maschine for 2-3 family.Cheap and best....
5,Highly recommended,Safely Delivered. Thanks to Flipkart and Ekart for delivering it safely. Demo and Installation was done on time.
4,Value-for-money,Installation service üëåValue for moneySatisfied
3,Decent product,Quality of the plastic used on the part just above the lid is worst. That doesn't seems like a original one and few other parts seems like 2nd quality.I personally feels like it is better to buy the product on showrooms with bit of extra cost.
5,Classy product,"This is an excellent washing machine at this price range. If we adjust the normal wash mode it will finish washing within 1 hour.Rinsing is excellent, spinning also is nice. Go for it no need much water for this.Monsoon feature is very good. Any way I like it.enough features at this price range. Installation and demo done  within three days after pirchase. ‚ô•Ô∏è‚ô•Ô∏è‚ô•Ô∏è‚ô•Ô∏èüòòüíûüåû"
5,Excellent Product.,"1) Product is really Nice, its working perfectly.2) It shave a magic filter which is very useful feature for removing small dust particals.3) different modes will support you for different use  cases.4) within 40 min 1 cycle will get finished.5) Automatically machine will do everything, you just have to start and sit idle."
5,Brilliant,Value for money
4,Good choice,Very good product it's simply superb
4,Really Nice,Nice product worth for money
5,Excellent,Good product
4,Pretty good,Good product from Samsung
5,Mind-blowing purchase,Good
4,Pretty good,Nice
5,Highly recommended,wesome product at awesome price.My first washing machine..must buy
5,Perfect product!,Very smart and beautiful product
4,Good quality product,"Its working fine. Easy to operate , a good one . No complaints yet!"
3,Does the job,Washing or cleaning clothes is not upto the mark
5,Awesome,It's working good best deal.
5,Just wow!,product is so good best value
1,Horrible,Not good installation not good you coming time not bad
5,Worth every penny,y Long term review Purchasing last year Oct  2019 it's worth still going good üòä
5,Worth every penny,Good performance
4,Pretty good,Packing is not goodRemaining everything is going well
4,Really Nice,So good
3,Good,Nice....
5,Perfect product!,Good after (3 days use)
5,Excellent,Very nice
5,Great product,eally appreciated and I am happy with it
5,Just wow!,xcellent delevary profomance
5,Perfect product!,Good product and service
4,Nice product,Working very good
5,Excellent,Fabulous purchase. Value for money. No noise...
5,Just wow!,Nice product nd I like it...
5,Brilliant,xcellent product by Samsung and best price on flipkart compared to offline market or any site
5,Simply awesome,"This is the best option, you can go for it blindly."
5,Brilliant,kay
5,Wonderful,Nice Product
1,Product - Excellent; Flipkart- disappointment,"Initially received a damaged product, with multiple dents over it, and it took over 15 days to replace.  Very disappointed by flipkart as they have been unresponsive for most of the part. Overall, product is good, everything works as in description. Samsung did a great job in getting the product swiftly installed."
5,Super!,"Value for money , decent performance , low sound"
5,Fabulous!,Wonderful Product and value for Money üëçüëçüëçüëç
4,Nice product,Nice product
5,Simply awesome,Its amazing
5,Classy product,Best Top load washing machine. Easy functions. Less water usage.
4,Delightful,Good
4,Value-for-money,mazing perfomence
4,Good choice,Value of money nice üëå flipkart
4,Good choice,Nice
5,Perfect product!,Fabulous ProductWorth for Every single Rupee
5,Worth every penny,xcellent
1,Worst experience ever!,Holes in the washed clothes. Called Samsung multiple times and they have yet not addressed the issue.
5,Excellent,This is my third washing machine in different places and I got it for 11200.It's very good for a normal washing like small amount of clothes. Don't put heavy clothes and don't feel bad.
5,Awesome,I m writing review after using 3 days. Functioning more than ok. Little noisy
4,Nice product,Good quality product and any one can buy this product
4,Good choice,Superb
5,Best in the market!,First of all great delivery by Flipkart in time  installation in same day
5,Terrific purchase,"In last 1-2 years ,This is same third washing machine in my family. All three are working good. Mostly the price is around 13k and 10% on card u can get. If you r very lucky then in Diwali offer u can get it in 10-11k, but very rare. So 11-12k a good deal.I bought it in corona time so installation person was not allowed to enter. I took the opportunity and installed it myself. Open box, insert rat pannel at bottom, fix inlet pipe and tap fitting, outlet pipe and power plug. For tap fitting ..."
5,Just wow!,Working fine after using one week writing this review.Samsung product really good.
5,Fabulous!,"Beat budget washing machine, so powerful, and works just perfectly fine"
4,Pretty good,oes the job for the price
5,Must buy!,Super product
4,Good choice,"Been almost 6 months using this machine, the product is very nice, cleans around 10-12 clothes in a single run , I have also used it in manual mode and it works that way pretty good as well, doesn't uses much electricity and not much noisy as well, although the lid could have been soft closing, it just slams hard , product is pretty much water resistant, have left it in open rain a couple of times and still no issues, just set the program once and it does all the rest work.Pros: Good clea..."
5,Awesome,NICE LOOK GOOD PRODUCT ..GOOD DELIVERY BY FLIPKART..THANKS FOR FLIPKART.
5,Perfect product!,Very good purchase. Want more products like this. Affordable & good product . Bought in the month of Jan. 2020
3,Nice,Products with dent was received....
5,Terrific purchase,Nice Product
5,Perfect product!,Very good
4,Really Nice,The product is working Good and worth for the money. However the delivery is horrible the flipcart is not delivered within the timelines provided at the time of buying for this am giving the rating is 0
4,Nice product,ll features are good except the restart of machine during power off. It will start again if power is gone.
5,Super!,Good
4,Good quality product,"Good product,working satisfactorily"
5,Terrific purchase,Not sure just bought. Looks and features are great
5,Terrific,Good
5,Best in the market!,Super washing
4,Wonderful,Very nice product i recommend for this ..
5,Highly recommended,Nice
4,Delightful,Good machine serves purpose.
5,Mind-blowing purchase,Good one..thanks to flipkart for making sure installation is also done with in time
5,Just wow!,Very good
5,Just wow!,very nice
5,Terrific,I am very happy
4,Value-for-money,Good
4,Good choice,Great work...üëå
5,Excellent,Very good product
5,Perfect product!,Good
4,Wonderful,Good product
1,Worthless,eview for flipkart: poor for customer support -customer executive don't understand what you r trying to say  Demo and installation:don't give a proper time for installation  They make u die for installation time.
4,Wonderful,"This washing machine is good in washing, rinse and spin, according to look also great, worth price, everything ok"
5,Terrific,"Good product, nice"
5,Highly recommended,Good Design and best performance
5,Terrific purchase,Good washing machine..worth the money.. has extra monsoon dry option which is anice feature.
4,Good quality product,"Installation within 3 days of delivery, bought an extra 3m pipe for requirement as only 1m pipe comes in the box, the first wash is done and the sound is really minimal has some vibrations during spin mode, totally a good buy worth for the price, best in this budget"
4,Delightful,"Washing machine is good, washes clothes very well, less noise, just consume more water that is ok.Samsung customer guy came after 12 days of delivery of product that is bad, otherwise performance wise washing machine does better job."
5,Terrific,Nice product
5,Perfect product!,Nice loved it
4,Pretty good,Nice Product üëåüëå
5,Super!,Worthable
5,Classy product,"I purchased 1mnth ago and reviewing now. The product is very good and worthy for money,It doesn't need stand. Machine washes cloth very clean and dry very neet Special thanks to service engineer who came and installed the product and gave free demo.Overall for 4 family members can use the machine. And at a time maximum 15- 20 cloths can be washed."
5,Worth every penny,It's working smooth and easy
5,Simply awesome,I'm happy
5,Simply awesome,Washing machine is ok.. but the service and demo installation person was not good.  It's take 60 min to perfect wash.. in this range it's a great product.
5,Just wow!,Writing this after using for 10 days. Features are good. My Mom loved it. Washing blankets without any stains.
5,Terrific purchase,Nice one.. But cleaning could have been a little better in my opinion
5,Good Product,"Product is very good, bought for old couple they are very satisfied with performance.Delivery and representatives were very friendly and good behavior.Finally Satisfied with all."
5,Classy product,amazing product
5,Perfect product!,Nice product....one thing that it is using little bit more water.....rest all perfect....also company should give a lengthy inlet hose pipe...I need to buy it seperately..
4,Good quality product,Good product
5,Simply awesome,good product at good price; good features
4,Good choice,sm
5,Super!,wesome quality
5,Simply awesome,"I just purchased this washing machine 6.2 ,it's delivered on time & installation is just awesome . first time I used this I feel it's very user-friendly just simple & awesome.only one wash cycle I do till now many more to do .Thank you Flipkart & Samsung"
5,Perfect product!,Nice product
2,Slightly disappointed,achine hangs everyday. Some times it doesnt work. After complaint also no support provides
4,Delightful,Value for money product
5,Fabulous!,Installation not done and you are sending finished massage how????
5,Terrific purchase,Full satisfaction
4,Pretty good,"Perfect product...Bought in 11,200 rs Thank you Flipkart"
5,Must buy!,nice product must purchase.
4,Good choice,Best... But go for IFB washing machine
5,Just wow!,Very Nice
4,Delightful,Product is gud. But clothes does not dry fully only 60 percent clothes gets dried. otherwise very gud...
4,Really Nice,s expected üëçI m happy üòä
5,Awesome,Writting this after using for 6 months. Product is very good and performance is good too. It has a beautiful color. And all the modes are really good. Different modes help in decision making really well. And using this is really simple. I have ordered for my mother..and she is quite satisfied. I have the same at my place too. Installation was quick and simple as well.
5,Excellent,Good
4,Wonderful,Good n valuable product
5,Worth every penny,t this price this is just an amazing Product.Takes about 40 min to clean (6+6) shirt + pants and 70-80% dry with just one button touch. Delivery was before time. Writing review after one month usage. No problem.
5,Brilliant,Good products for home
5,Highly recommended,Good
1,Unsatisfactory,Problem product..
4,Pretty good,"elivered on time. Thanks Flipkart, demo person was courteous but was fast. As for this washing machine till now after using 5 days I.e. 3 washes its working fine.I already had silver nano washing machine previously of Samsung so its functions are not much different. Only con I find is its plastic body parts are thin and not strong. Moreover demo person said we have to maintain the invoice as he did not sign the warranty card when thing are bought online. I found this logic weird."
4,Worth the money,Heavy sound
5,Awesome,Good working and value for money
5,Terrific,Working well  nice model  for the family just awesome ü§©
5,Perfect product!,Super product by  Samsung loved it very silent sound n worth for money.
1,Did not meet expectations,Product is awesomeBut installation is very horrible.First I received a damaged product and Installation team come to 20 days after washing machine delivered.Installation person is a fack man.About installation and demo my opinion is no purchase of Samsung washing machine.
5,Must buy!,Good
5,Brilliant,wesome product. Just grab it.
4,Value for money,"I'm writing this review nearly a month after my purchase. So far so good. I bought the washing machine as a gift to my family and they like it very much. Samsung is a tried and tested brand for us and it was very satisfying for everyone here. Now about the washing machine itself as told by my family. Working with the washing machine was easy as they are used to working with this brand. Washing's good, nice and easy. With the steel drum inside, dirty clothes are getting washed up nicely. T..."
5,Great product,So far so good. 14 days
5,Excellent,"Nice productSmooth operationDelivery, installation & demo was goodGood one ,go for it üëçüëç"
4,Very Good,The machine was nice and value for money.But the service very worst.they mentioned free installation but nobody come even call for installation for last 10 days. please don't trust always Flipkart service.
5,Excellent,Very good
5,Super!,achhine is very good and compact But litterly heater of Machhine is not up to the mark After all in that price this Machhine very good
4,Pretty good,Good one in top loading washing machine
4,Wonderful,Product is good but return policy is very bad. I don't recommend to buy flipkart marQ product.
5,Mind-blowing purchase,wesome in one word
4,Value-for-money,k
5,Simply awesome,eally superb
1,Useless product,"It's just waste of money, small staines also not washing, poor working quality, don't go fot it....."
5,Brilliant,Very nice I really like it
4,Worth the money,Simply superb.Its easy to handel and function is very perfect.
4,Good choice,It's very good and value for money but it's asking for Eco -tub option for every 8-10 washes and it takes 95 min for that..otherwise I can give 5 star rating for this product
5,Simply awesome,"Super Diligent Machine, I have shifted from Whirlphoo to Samsung coz my last 2 machines of whirlpool last only for 5 years and it was costly.This one looks very unique and great design and does the job perfect."
5,Fabulous!,Flipkart delivery was on time.Packaging was superb.No damage to the product inside.Prompt installation and demonstration.Highly recommended to buy.Enough for family of three.
5,Classy product,Nice product good performance... money worthüëåüëç
5,Brilliant,ne of the best washing machine.. have been using from 6 months no issues. Looks good and sleek ... Ontime  installation
5,Terrific,"Working fantastic, easy to use, I recommend to use this with moveable stand."
5,Great product,I bought if for my mother's birthday gift.and she loved it. And that is beyond any rating.
5,Terrific purchase,asy to operate and value for money.
5,Classy product,"elivered in time .installed next day by samsung tech working fine, no issues"
5,Awesome,"eally nice n useful..m very happy with the purchase i got it for 11200. after xchange.. n it is so easy to operate.. it has very user friendly options ... water level adjustment etc... very less noise (almost nil)Avoid placing on trolleyMy earlier purchase was ifb .. it was very costly n complex with stabilizer, stupid lock system  etc.MY SUGGESTION TO EVERYONE IS .. AS FAR AS FULLY AUTOMATIC MACHINES R CONCERNED GO FOR THE SIMPLEST N PRIMITIVE DESIGN (Top Load) N DONT SPEND UNNECESSARI..."
5,Terrific purchase,great relief in the lockdown period.
4,Nice product,Great product thanks to flipkart
4,Wonderful,"n this  price range it's the best you can get.look wise it's superb and have most of the functionalities that a automatic washing machine should posses.Addition to that , flipkart exchange offer was too good and exchange price for old machine makes its over all price way cheaper.Its been 1 year now since  we are using this product still no complaint and issue."
5,Terrific,Good one for very low price üëç
5,Mind-blowing purchase,Nice one
5,Wonderful,"verything is fine with this product. I am using it almost from a month and it is very good. Blankets also cleaned very well. Use some good detergent that's it. Monsoon option is very good for this season, but be careful don't use monsoon spin option for delicate clothes."
5,Just wow!,Nice product
3,Fair,Very good built quality... Fast delivery but don't expect demo and it's not required as I did self installation. Overall good service from Flipkart but not from Samsung.
5,Terrific,Super washing
5,Awesome,Best full atomic washing machine in this price point.thanks to flipkart and samsung
4,Delightful,"Best for daily cloths, not so for heavy dirty cloths, at this price good selection."
5,Fabulous!,The person who deliver product is very good & also cordinate & his behaviour towards the people at village is very good . Thank you flipkart for amazing product.
5,Fabulous!,"Very good product, I am very happy with the delivery service, actually I received before the delivery date, the persons who give demo,was very knowledgeable and informative, Than you Flipkart and team"
5,Just wow!,nice good product
5,Excellent,Very good t
5,Simply awesome,Very Nice Product
3,Decent product,Nice product.working good performance. Value of money but this product not delever to home. delevery service is very bad.this delevery boy cal to me some other place to pickup the product.
5,Terrific purchase,Working fine. Performance is good. Only need to improve the build material quality.
4,Good quality product,worth of money
5,Just wow!,Superb
5,Great product,k
5,Worth every penny,"asy way , Fully Automatica, design and performance is very good value of money... The product is very good"
5,Classy product,Low budget it's for good
5,Must buy!,Yo
4,Wonderful,Nice & good working
5,Mind-blowing purchase,Worth to purchase üòä
5,Terrific,I have gifted to my mom she is very happy with the product.
5,Best in the market!,Bought for 11100 rs & it's fantastic
5,Mind-blowing purchase,"It is a nice and silent washing machine. It cleans even the white clothes very well. Baught it for 13k. When I put for exchange with old machine the sale boy told that the machine should be in proper working condition, there shoud be no rust unde it. So the people who are planning to exchange please note that."
5,Excellent,Value for money. Good performance. Suggest to prefer this product for small families.
5,Great product,Gentle on clothes. Washes very softly and hence clothes last long. Saw this at a friend's place and bought the same. Best budget buy from a tier 1 brand.
5,Mind-blowing purchase,Great
5,Great product,"ecently I have purchased this product. Right from delivery, Installation and performance of the product I would say this is very valuable product for the money spent."
5,Simply awesome,Very nice
5,Highly recommended,Super
4,Good choice,achine performance is very well in terms of sound and cleaning and power consumption.But there is a point to be rectified and outlet pipe should be more length.
5,Excellent,Using the product for last two weeks...so far good experience
5,Awesome,"elivery was awesome by Flipkart - thanx team. Installation was pretty basic going thru the model,buttons,warranty - thank u. Hose provided is short so can‚Äôt connect to water inlet yet and we have to get that done b4 use. Overall the machine looks awesome so I hope it works awesome too. I‚Äôm very familiar with Samsung washing machines cos I‚Äôve been using them for over 10years. So I‚Äôm sure this will be great too. Should it not work properly, I‚Äôll definitely update review.Update - been using th..."
4,Good choice,Working is good but demo prasan is so late
5,Awesome,I liked the performance and design
5,Simply awesome,Value for the money..super fast delivery..great service engineer...I m using it since last 8 days and it's working really fine and with minimal noise..will recommend it strongly
5,Wonderful,Nice product...Nice deal..Thanks flipkart
4,Nice product,Better than others listed in this price range.
5,Terrific purchase,wesome product Thankyou flipkart
5,Classy product,xellent performance
5,Super!,Very nice product thank u flipkart
1,Worthless,Take long time compare to see on machine
5,Terrific,xcellent value for the moneyGo for it
4,Good choice,Good
5,Just wow!,xcellent washing machine. Thanks
5,Mind-blowing purchase,Good oneo
4,Good choice,"Good,"
5,Terrific,Good product veer nice üëçüëçüëçüëçüòçüòçüòçüòçüòçüòçüòç
5,Brilliant,The product is really good. Its been only 2 weeks we had purchased this washing machine... Hope it will give a good life
1,Waste of money!,"Worrest product, it's not worth for the amount"
5,Brilliant,It is really amazing product it is good for 2 to 3 members value for money
4,Pretty good,Best for small family
4,Very Good,Very good quality product and service as well
5,Terrific purchase,"Simply go for it, Worth for money and I got it for 11749/-"
5,Mind-blowing purchase,experiance was so excellent and also service was good.parcel reached before 4 days from scheduled date without damage and the component had  perfect contents.Thanks to flipkart and samsung...!
4,Good quality product,Value for money
4,Good quality product,Good product.......mesh is not there Use carefully  with rodents and clean the drums with branded detergents......
5,Awesome,worth a Price & happy with performance
5,Awesome,Good
5,Wonderful,The machine is absolutely awesome with absolutely no sound  when it works...the design is beautiful ..washes clothes and heavy blankets easily. Filters are easy to clean after every wash...it's a value for money and suitable for family of four...Its a must recommend if looking for cheap affordable sleek design washing machine...can comment on durability and functioning as still its a new piece with time and usage it's worthyness will be proved..hope samsung stands upto it's name..and this was...
4,Wonderful,product is good and functioning is also dimple to understand.
5,Worth every penny,k
5,Just wow!,It will occupy less space in the house and it is very easy to understand the operation for our parents also. Very good product.. Worth buying it..
1,Worst experience ever!,No installation done. Worst experience about installation.
5,Highly recommended,"Ultimate washing of clothes, best in price range. I got it in RS-10899 with HDFC offer."
5,Brilliant,Working well. Great relief.
3,Good,fter purchase of one month product got repaired
4,Wonderful,Good product with excellent mechanism
5,Simply awesome,Nice
5,Mind-blowing purchase,Good product.worth for money
5,Terrific,Good working nice no noise
1,Absolute rubbish!,Samsung send a person for fitting and he came home but not fitted it. Only open the box and return.
5,Highly recommended,xcellent ....love it
5,Brilliant,Fine
5,Perfect product!,"Work Good, low noice, easy to operate, look and body design Good. Overall 9/10"
5,Perfect product!,super dzng and wonder ful performance fully automatic
4,Good quality product,I like it
5,Worth every penny,Very best product
5,Just wow!,wesome
5,Brilliant,Next time
5,Awesome,eally a good one in budget.Very smooth performance and looking decent..Go for it guys
4,Good choice,"good design, nice colour,, clean cloth in 40 min"
5,Best in the market!,Good product
5,Mind-blowing purchase,"Hello actually used for three times only working fine functions are okay ,6.2 kg is good enough to wash 5 t-shirt 5 Jean's and 10 shirts at one time,you have to buy specific tap and atleast 3 mtr water pipe extra when installing has to be done it will be told to you by installing guy, within two days after receiving everything done."
5,Wonderful,verdone in this range
3,Fair,"Good, but not fulfilled expectations"
4,Nice product,Good  product
4,Nice product,Good
4,Value-for-money,Samsung the brand name is enough to trust.I'm delighted to its performance.
5,Awesome,"It is very nice ,I received this product with in 2days,it's work very nice and smooth, Tq flipcart."
5,Excellent,Samsung designed perfect for small family washing machine.I got in only 10300rs.best in price...Installation and demo person is not as experienced.
5,Great product,Nice product
5,Best in the market!,Just awesome in terms of every aspect.
4,Very Good,Fulfilled 85% of my satisfaction.Good performance üëç
4,Value-for-money,I loved the product but the only drawback is it's taking more time than expected to finish the wash I don't know whether it's water pressure issue.
5,Fabulous!,writing this after using it for 6 days..Its functions best.. looks beautiful..It has All what I wanted in my washing machine
5,Best in the market!,"Value for money awesome product by samsung, very good looking washing machine and features are too good."
5,Highly recommended,Value more money ...Nice product
5,Brilliant,"extremely happy about the service, thy were friendly and patience to explain aged ppl...(80yr)...product also very simple for operate....enf for couple.."
5,Classy product,Noiseless and value for money
4,Delightful,Great work and value for money.
5,Worth every penny,ryer is realy good..
5,Great product,Nice product thanks Flipkart
5,Simply awesome,I lover the product. It's really worth it. I haven't used it for the first time but i liked the demo and the productBut I got installation after 9 days so it was really frustrating and hated the Samsung customer care services. Had a really disappointing experience with them
2,Expected a better product,fter one-year timer not working properly.
5,Just wow!,This washing machine is designed perfectly. Can wash 15-17 clothes at a time. Good for the small families (3-4person). Monsoon function is added advantage.  Can dry clothes till 95%. Do not make any noise while washing cycle. Got this at 11500 which very good deal. Without any doubt go for it.
3,Nice,Good
5,Best in the market!,Best purchase of washing machine ever
4,Worth the money,Good
5,Great product,Good
5,Excellent,Good
5,Must buy!,Premium model... Looks awsom
4,Value-for-money,very good product from samsung.
1,Worthless,We have received a product with a damage/dent on the machine
4,Nice product,Nice
5,Best in the market!,xcellent pvr
5,Simply awesome,Very good washing machine for the price
5,Super!,xcellent one
4,Good choice,Super product... Very easy method... And installation person is very good boy.....
5,Best in the market!,Good
5,Terrific purchase,Best
5,Worth every penny,Good
4,Very Good,Good for small family
4,Worth the money,Good product & performing good.
4,Good quality product,Superb
5,Best in the market!,So far everything is fine.
4,Value-for-money,Nice machine
5,Excellent,Superb....very nice
4,Wonderful,super
5,Highly recommended,"Very awesome, value of money."
5,Simply awesome,Superb washing machine....No words for this dynamic excellent machine...All feature are best and good....No minus point for this machine work...Thanks a lot samsung and Flipkart...Both of you like a Jai Veeru jodi....Buy buy buy...No worry....Big billion days....
5,Just wow!,Simply awesome washing machine in budget class !
5,Classy product,so fast and
1,Absolute rubbish!,Not money worthy
5,Just wow!,Looking good.. Amazing product.
4,Delightful,Service for Installation took almost a month from the date of Purchase. Rest is good.
5,Awesome,Nice
5,Terrific purchase,Gd product
5,Great product,Nice product üòé
4,Worth the money,Smooth Working and easy to use.
5,Excellent,good
5,Best in the market!,as per expection ....
3,Just okay,Practically very noicy  .... Also the company very much shows on diamond drum but y will not feel so in practica. Elsewhere it's good at this price point approx Rs. 11300/-.. with a non Chinese brand... Samsung brand support
5,Awesome,"I bought this at 11, 700 /- good performed"
5,Classy product,If you are looking for a washing machine for 3-4 persons definitely pick this one.Worth the price.
4,Nice product,It is fabulous product on this budget.
1,Hated it!,When power is off Machine get started from starting time
5,Fabulous!,Good one
4,Pretty good,Nice
4,Good choice,Nice product.. thank you flipkart
5,Simply awesome,Nice product... Washing Quality also good
5,Super!,It's been a year using this washing machine and works quite nice. Value for money.
5,Wonderful,nice machine
5,Worth every penny,"Very nice ,,,,I m hpy with this.Worth of money ‚úåÔ∏è"
5,Great product,Good product
5,Mind-blowing purchase,Good
5,Terrific purchase,Good
5,Classy product,Nice
5,Classy product,Very nice product
5,Terrific,Superb
3,Just okay,ore time taking
5,Wonderful,Nice
5,Must buy!,I like this washing machine really nice product I thanks for flipkart
4,Worth the money,love this matchin
3,Does the job,Broken product received at first. Installation of second product took 15 days or more. The product still has design issues as the back panel is coming out or maybe is out of shape. Machine is working fine so far
5,Fabulous!,Stylish
4,Very Good,super
5,Fabulous!,Best washing machine.  Drying is up to the mark. Thank you samsung and Flipkart.
5,Classy product,Good
4,Value-for-money,Good
5,Super!,wesome Product with awesome dealThank you Flipkart :)
5,Just wow!,Good
4,Very Good,Good product.
5,Must buy!,Thanks flipkart..superawsome piece fastest delivery..value for money
3,Just okay,Not very much recommendable. Invest few more bucks and go for big size. Can't be used for washing blanket or double bed sheets. Good for only daily use cloths.
5,Highly recommended,It's really an awesome purchase.Have been using since last 2 months and fully happy with it.
4,Really Nice,Performance and efficiency of machine is upto the mark but design could have been better. Option to go for extra spin woul have been very helpful.
5,Terrific,xcellent
5,Wonderful,WOW ...What a product in such a low cost totaly worth it for a small family of 3. Thsnks samsung to brimg such a awesome product in such a low cost. Colour is a matter if you can bring this product in different colour range that would be grate.
4,Pretty good,"The machine was good,  but the people who come for fixing the machien, they behave very rudely to my family, and handle the machine carelessly."
5,Great product,Nothing can beat this product in this range!Undoubtedly go for it.
5,Awesome,Good product
3,Decent product,Got the machine delivered.Waiting for installation n demo from the technician. Pls do arrange soon.. thank you for the swift delivery.. But request you to arrange the demo soon.
5,Simply awesome,Nice Product easy to use
4,Good choice,Upto the mark. Just go for it.
4,Good choice,Super working wrll
5,Excellent,Using it for the past 2 weeks my first washing machine ...I cant compare it as it is my first one.. I am liking it ...It is doing good job till now..Satisfied by the washing quality..it looks good ...very quiet...simple to operate ...One small complaint is I wish I have the option to mute notification sounds ...I dont want my owners know when I am washing :) ..
5,Worth every penny,Nice tq Flipkart
3,Good,"oesn't wash clothes properly, better not to buy"
5,Must buy!,Good product for samsung and very good woshing machine
5,Just wow!,very beautifully desighned and good performance plus samsung brand makes it worth buying
1,Worthless,The installation engineer was worst in behavior very indecent
5,Worth every penny,xcellent
5,Awesome,It's my first washing machine.And I loved it.it works fantastic.i was reviewing after 10 days..Also value for money.Go for it
4,Really Nice,Happy with this washer.
5,Super!,Nice I'm very happy thanks filpkard ‚ù§Ô∏è‚ù§Ô∏èüòòüòòüòò
5,Mind-blowing purchase,Very nyc product..go for it
4,Very Good,Nice product.
5,Excellent,xcellent product
5,Must buy!,"xcellent product, really happy with. Company agent contacted next day after the proxxuct delivered. And they installed it. Product works excellent."
4,Good quality product,k
5,Mind-blowing purchase,The product is very good
5,Terrific,Very good
5,Perfect product!! Thanks Flipkart!,Good Product. Perfect for a family of four. Full marks to Samsung and Flipkart.
5,Super!,really awesome product. Recieved call from Samsung after the delivery and scheduled service technician demo. very much satisfied with Samsung. more over washing machine is budget friendly. I strongly recommend this washing machine to everyone.
5,Great product,great design
5,Best in the market!,Good quality and quick delivery.....Nice everyone......
5,Wonderful,Nice product from Samsung
5,Terrific purchase,Great machine for its price! If you can spend more go for LG Inverter.
3,Fair,Seems to be good enough till the first week of purchase. Will update post some time
5,Wonderful,Super one
5,Just wow!,wesome product...
5,Terrific purchase,The product is awesome. Flipkart is really good at providing service compared to other websites.
5,Classy product,Nice
4,Very Good,Nice product for a small family upto 4px.
5,Great product,So far so good...
